commit,will_upload
e68c9f9e3024a36414e8ae5dbc1f17d4f44292ab,1
d1e5d114998dab6d1dfd754aa05203abfa137189,1
41d6b6e3d439503494932ba0bcde613b958db5a1,1
4ce00605d2eb03cdaa962a0a11a03f096f9e4a9d,1
97b65db8f191083487e92f5dc79062ec8366aded,1
caf3efc51f4920faca100ff834cef9cdf448b5f5,1
0c7a7baab8259cefa2e491d31a5bba4cd1b7a974,1
1b1775ada821c22188c62084d469c9f98a8fcccc,1
9bff5957c588eb55f352ebfeddd53541250ad457,1
8ba7a33f14b8388dd2203c2a7b303f83eb34d9a9,1
70b6c10a62e5d5cf68fd50e0c52463030d249523,1
941816ff2d9e1a321122684b5e7f6ca3623cdd84,1
